link_id,from_node_id,to_node_id,flow,travel_time,free_flow_travel_time
1,1,2,145,23.21843,2.0000000000000004
2,2,3,145,34.827645,3.0
3,1,4,255,102.478015,1.0000000000000002
4,4,5,133,17.019234608000005,2.0000000000000004
5,3,5,67,1.4836269040000003,1.0000000000000002
6,4,6,122,31.584014719999995,5.0
7,3,6,78,1.8883613440000007,1.0000000000000002
