link_id,from_node_id,to_node_id,flow,travel_time,free_flow_travel_time
1,1,2,400,39.90983079518548,2.0000000000000004
3,1,4,0,70.96111347462309,1.0000000000000002
2,2,3,400,59.864746192778206,3.0
5,3,5,200,1.666007465224503,1.0000000000000002
7,3,6,200,2.9597581605302277,1.0000000000000002
4,4,5,0,14.652945585988201,2.0000000000000004
6,4,6,0,19.552763965915137,5.0
